path,size,size_readable,width,height,mtime,valid,reason
E:\software\HxMobileClient\HX_CLIENT\ArtWork\MapRaw\ymfd001.png,324879842,309.83 MB,,,2024-10-15 20:24:36,True,header signature matched
E:\software\HxMobileClient\HX_CLIENT\ArtWork\MapRaw\kuafushan.png,305409193,291.26 MB,,,2024-10-15 20:23:42,True,header signature matched
E:\software\HxMobileClient\HX_CLIENT\ArtWork\MapRaw\ymfd003.png,291329206,277.83 MB,,,2024-10-15 20:24:50,True,header signature matched
E:\software\HxMobileClient\HX_CLIENT\ArtWork\MapRaw\mizangwaiwei.png,244931956,233.59 MB,,,2024-10-15 20:23:52,True,header signature matched
E:\software\HxMobileClient\HX_CLIENT\ArtWork\MapRaw\jiuzhouwangcheng.png,228445086,217.86 MB,,,2020-09-11 20:59:20,True,header signature matched
E:\software\HxMobileClient\HX_CLIENT\ArtWork\MapRaw\jiuzhouyizhi.png,208087040,198.45 MB,,,2024-10-15 20:23:28,True,header signature matched
E:\software\HxMobileClient\HX_CLIENT\ArtWork\MapRaw\shizhuliansai1.png,179009558,170.72 MB,,,2020-09-11 21:00:32,True,header signature matched
E:\software\HxMobileClient\HX_CLIENT\ArtWork\MapRaw\xuanyuancheng01.png,175013470,166.91 MB,,,2020-09-11 21:04:46,True,header signature matched
E:\software\HxMobileClient\HX_CLIENT\ArtWork\MapRaw\zhurongzhucheng.jpg,170640246,162.74 MB,,,2024-10-15 20:24:58,True,header signature matched
E:\software\HxMobileClient\HX_CLIENT\ArtWork\MapRaw\ymcz.png,165755309,158.08 MB,,,2020-11-04 15:16:10,True,header signature matched
E:\software\HxMobileClient\HX_CLIENT\ArtWork\MapRaw\gonggongzhucheng01.jpg,164359078,156.75 MB,,,2024-10-15 20:23:10,True,header signature matched
E:\software\HxMobileClient\HX_CLIENT\ArtWork\MapRaw\clmj.png,155012957,147.83 MB,,,2020-09-24 19:45:24,True,header signature matched
E:\software\HxMobileClient\HX_CLIENT\ArtWork\MapRaw\jiuzhoufucheng02.png,154602244,147.44 MB,,,2020-09-11 20:58:52,True,header signature matched
E:\software\HxMobileClient\HX_CLIENT\ArtWork\MapRaw\moshentianfa.png,151538875,144.52 MB,,,2020-09-11 20:58:16,True,header signature matched
E:\software\HxMobileClient\HX_CLIENT\Assets\Resources\UI\RawImage\PlatSpecial\Nw_Bg01.png,149364747,142.45 MB,,,2020-09-11 21:17:42,True,header signature matched
E:\software\HxMobileClient\HX_CLIENT\ArtWork\MapRaw\jinlonghui.jpg,143293709,136.66 MB,,,2024-10-15 20:23:18,True,header signature matched
E:\software\HxMobileClient\HX_CLIENT\ArtWork\MapRaw\tianyuanhuanggu01.png,138379374,131.97 MB,,,2024-10-15 20:24:16,True,header signature matched
E:\software\HxMobileClient\HX_CLIENT\ArtWork\MapRaw\ninghaizhou.png,136971564,130.63 MB,,,2020-09-11 20:57:46,True,header signature matched
E:\software\HxMobileClient\HX_CLIENT\ArtWork\MapRaw\conglinmijing.png,136399370,130.08 MB,,,2020-09-11 20:58:18,True,header signature matched
E:\HXCI\hx_unreal_binaries\HXNext\Houdini\HDA\IMG\Bio_RK_Limestone_cliff_01_heights.tif,134217960,128.00 MB,,,2021-05-20 12:31:14,True,header signature matched
E:\HXCI\hx_unreal_binaries\HXNext\Houdini\HDA\IMG\Bio_RK_Limestone_cliff_02_heights.tif,134217960,128.00 MB,,,2021-05-20 12:31:16,True,header signature matched
E:\HXCI\hx_unreal_binaries\HXNext\Houdini\HDA\IMG\Bio_RK_Limestone_cliff_03_heights.tif,134217960,128.00 MB,,,2021-05-20 12:31:16,True,header signature matched
E:\HXCI\hx_unreal_binaries\HXNext\Plugins\Udini\Houdini\HDA\IMG\Bio_RK_Limestone_cliff_01_heights.tif,134217960,128.00 MB,,,2021-05-28 12:40:44,True,header signature matched
E:\HXCI\hx_unreal_binaries\HXNext\Plugins\Udini\Houdini\HDA\IMG\Bio_RK_Limestone_cliff_02_heights.tif,134217960,128.00 MB,,,2021-05-28 12:40:44,True,header signature matched
E:\HXCI\hx_unreal_binaries\HXNext\Plugins\Udini\Houdini\HDA\IMG\Bio_RK_Limestone_cliff_03_heights.tif,134217960,128.00 MB,,,2021-05-28 12:40:44,True,header signature matched
E:\software\HxMobileClient\HX_CLIENT\ArtWork\MapRaw\kuafu01.png,132413217,126.28 MB,,,2020-09-11 20:58:12,True,header signature matched
E:\software\HxMobileClient\HX_CLIENT\ArtWork\MapRaw\sheriyan.png,126977781,121.10 MB,,,2020-09-11 20:57:52,True,header signature matched
E:\software\HxMobileClient\HX_CLIENT\ArtWork\MapRaw\newcitywar.png,126370874,120.52 MB,,,2020-09-11 20:58:42,True,header signature matched
E:\software\HxMobileClient\HX_CLIENT\ArtWork\MapRaw\mowangjiangshi.png,124568403,118.80 MB,,,2020-09-11 20:58:54,True,header signature matched
E:\software\HxMobileClient\HX_CLIENT\ArtWork\MapRaw\tsy1.png,118745546,113.24 MB,,,2024-10-15 20:24:22,True,header signature matched
E:\software\HxMobileClient\HX_CLIENT\ArtWork\MapRaw\chishui.jpg,114694334,109.38 MB,,,2020-09-11 20:59:32,True,header signature matched
E:\software\HxMobileClient\HX_CLIENT\ArtWork\MapRaw\ymmz2.png,114288051,108.99 MB,,,2020-09-22 09:45:28,True,header signature matched
E:\software\HxMobileClient\HX_CLIENT\ArtWork\MapRaw\buzhoushanchengren.jpg,113485132,108.23 MB,,,2024-10-15 20:22:26,True,header signature matched
E:\software\HxMobileClient\HX_CLIENT\ArtWork\MapRaw\buzhoushanchengzhantian.jpg,111065799,105.92 MB,,,2024-10-15 20:22:30,True,header signature matched
E:\software\HxMobileClient\HX_CLIENT\ArtWork\MapRaw\qmlw_play.png,110620602,105.50 MB,,,2020-09-11 20:59:20,True,header signature matched
E:\software\HxMobileClient\HX_CLIENT\ArtWork\MapRaw\dongyiguyuan.png,110041755,104.94 MB,,,2020-09-11 20:59:34,True,header signature matched
E:\software\HxMobileClient\HX_CLIENT\ArtWork\MapRaw\ymmz.png,108725568,103.69 MB,,,2020-09-11 21:04:04,True,header signature matched
E:\software\HxMobileClient\HX_CLIENT\ArtWork\MapRaw\yuyuanshilian1.png,102490753,97.74 MB,,,2020-09-11 21:03:56,True,header signature matched
E:\software\HxMobileClient\HX_CLIENT\ArtWork\MapRaw\nanjun.jpg,98383344,93.83 MB,,,2020-09-11 21:21:06,True,header signature matched
E:\software\HxMobileClient\HX_CLIENT\ArtWork\MapRaw\xiliehuangyuan.jpg,97465290,92.95 MB,,,2020-09-11 21:04:04,True,header signature matched
E:\software\HxMobileClient\HX_CLIENT\ArtWork\MapRaw\gerenjiayuan02.png,95976509,91.53 MB,,,2024-10-15 20:23:00,True,header signature matched
E:\software\HxMobileClient\HX_CLIENT\ArtWork\MapRaw\jurenye.jpg,93715488,89.37 MB,,,2020-09-11 21:20:58,True,header signature matched
E:\software\HxMobileClient\HX_CLIENT\ArtWork\MapRaw\youming01.png,93335030,89.01 MB,,,2020-09-11 21:03:46,True,header signature matched
E:\software\HxMobileClient\HX_CLIENT\ArtWork\MapRaw\gerenjiayuan03.png,92896396,88.59 MB,,,2024-10-15 20:23:04,True,header signature matched
E:\software\HxMobileClient\HX_CLIENT\ArtWork\MapRaw\kunlunxu.png,92626131,88.34 MB,,,2020-09-11 20:59:24,True,header signature matched
E:\software\HxMobileClient\HX_CLIENT\ArtWork\MapRaw\xuanyuan.png,91597577,87.35 MB,,,2020-09-11 21:04:00,True,header signature matched
E:\software\HxMobileClient\HX_CLIENT\ArtWork\MapRaw\buzhoushanyewai.jpg,91395156,87.16 MB,,,2024-10-15 20:22:38,True,header signature matched
E:\software\HxMobileClient\HX_CLIENT\ArtWork\MapRaw\yunmenglonggong.png,91353051,87.12 MB,,,2020-09-11 21:03:38,True,header signature matched
E:\software\HxMobileClient\HX_CLIENT\ArtWork\MapRaw\gerenjiayuan01.png,89008435,84.89 MB,,,2024-10-15 20:22:56,True,header signature matched
E:\software\HxMobileClient\HX_CLIENT\ArtWork\MapRaw\jiuzhoujiaowai.jpg,86725507,82.71 MB,,,2020-09-11 21:00:04,True,header signature matched
E:\software\HxMobileClient\HX_CLIENT\ArtWork\MapRaw\buzhoushanyewaigong.jpg,85900345,81.92 MB,,,2024-10-15 20:22:42,True,header signature matched
E:\software\HxMobileClient\HX_CLIENT\ArtWork\MapRaw\buzhoushanchengdi.jpg,84964691,81.03 MB,,,2024-10-15 20:22:22,True,header signature matched
E:\software\HxMobileClient\HX_CLIENT\ArtWork\MapRaw\guiwudaze.jpg,84797053,80.87 MB,,,2020-09-11 21:20:48,True,header signature matched
E:\software\HxMobileClient\HX_CLIENT\ArtWork\MapRaw\buzhoushanyewaizhu.jpg,83839125,79.96 MB,,,2024-10-15 20:22:46,True,header signature matched
E:\software\HxMobileClient\HX_CLIENT\ArtWork\MapRaw\kuafu02.png,83794143,79.91 MB,,,2020-09-11 20:59:38,True,header signature matched
E:\software\HxMobileClient\HX_CLIENT\ArtWork\MapRaw\huanggong.png,83464299,79.60 MB,,,2020-09-11 21:00:12,True,header signature matched
E:\software\HxMobileClient\HX_CLIENT\ArtWork\MapRaw\jiuzhouhuanggong.png,83464299,79.60 MB,,,2020-09-11 21:00:12,True,header signature matched
E:\software\HxMobileClient\HX_CLIENT\ArtWork\MapRaw\mlxx1boss.png,83125308,79.27 MB,,,2024-10-15 20:23:58,True,header signature matched
E:\software\HxMobileClient\HX_CLIENT\ArtWork\MapRaw\jiumingdao.jpg,80006204,76.30 MB,,,2020-09-11 21:00:08,True,header signature matched
E:\software\HxMobileClient\HX_CLIENT\ArtWork\MapRaw\benyuezhong.png,79565717,75.88 MB,,,2020-09-11 21:00:00,True,header signature matched
E:\software\HxMobileClient\HX_CLIENT\ArtWork\MapRaw\duanbigu1.jpg,79139531,75.47 MB,,,2020-09-11 21:00:24,True,header signature matched
E:\software\HxMobileClient\HX_CLIENT\ArtWork\MapRaw\buzhoushanding.png,75843990,72.33 MB,,,2024-10-15 20:22:34,True,header signature matched
E:\software\HxMobileClient\HX_CLIENT\ArtWork\MapRaw\benyuezhong01.png,74260924,70.82 MB,,,2020-09-11 21:00:28,True,header signature matched
E:\software\HxMobileClient\HX_CLIENT\ArtWork\MapRaw\qiufengyuan01.png,73916630,70.49 MB,,,2020-09-11 21:00:16,True,header signature matched
E:\software\HxMobileClient\HX_CLIENT\ArtWork\MapRaw\beijun1.png,73780675,70.36 MB,,,2020-09-11 21:00:56,True,header signature matched
E:\software\HxMobileClient\HX_CLIENT\ArtWork\MapRaw\haoyuezhilin.png,71757150,68.43 MB,,,2020-09-11 21:00:54,True,header signature matched
E:\software\HxMobileClient\HX_CLIENT\ArtWork\MapRaw\cangbaodongcj.jpg,70619155,67.35 MB,,,2024-10-15 20:22:48,True,header signature matched
E:\software\HxMobileClient\HX_CLIENT\ArtWork\MapRaw\houyimu.png,70420350,67.16 MB,,,2020-09-11 21:00:42,True,header signature matched
E:\software\HxMobileClient\HX_CLIENT\ArtWork\MapRaw\mizangzhongxin.png,68545419,65.37 MB,,,2024-10-15 20:23:56,True,header signature matched
E:\software\HxMobileClient\HX_CLIENT\ArtWork\MapRaw\kunlun.png,66617221,63.53 MB,,,2020-09-11 21:00:40,True,header signature matched
E:\software\HxMobileClient\HX_CLIENT\ArtWork\MapRaw\mxyl.png,65185501,62.17 MB,,,2020-09-11 21:01:14,True,header signature matched
E:\HXCI\hx_unreal_binaries\HXNext\Content\HXGame\UISource\SimpleMap\BigMapV1.png,64665829,61.67 MB,,,2021-06-11 17:13:36,True,header signature matched
E:\software\HxMobileClient\HX_CLIENT\ArtWork\MapRaw\kuafu04.png,64102295,61.13 MB,,,2020-09-11 21:00:56,True,header signature matched
E:\software\HxMobileClient\HX_CLIENT\ArtWork\MapRaw\jiehun01.png,63714214,60.76 MB,,,2020-09-11 21:01:24,True,header signature matched
E:\software\HxMobileClient\HX_CLIENT\ArtWork\MapRaw\jiuzhouliansai.jpg,61752016,58.89 MB,,,2024-10-15 20:23:20,True,header signature matched
E:\software\HxMobileClient\HX_CLIENT\ArtWork\MapRaw\beijun2.png,61342404,58.50 MB,,,2020-09-11 21:01:28,True,header signature matched
E:\software\HxMobileClient\HX_CLIENT\ArtWork\MapRaw\fyzd.png,61318191,58.48 MB,,,2020-09-11 21:01:02,True,header signature matched
E:\software\HxMobileClient\HX_CLIENT\ArtWork\MapRaw\yaochi.png,60559201,57.75 MB,,,2020-09-11 21:04:04,True,header signature matched
E:\software\HxMobileClient\HX_CLIENT\ArtWork\MapRaw\xianghunzhong.jpg_temp.bmp,60555318,57.75 MB,,,2020-09-11 21:04:20,True,header signature matched
E:\software\HxMobileClient\HX_CLIENT\ArtWork\MapRaw\kuangshi.jpg,60545271,57.74 MB,,,2020-09-11 21:01:14,True,header signature matched
E:\software\HxMobileClient\HX_CLIENT\ArtWork\MapRaw\pvpmap2.png,59425603,56.67 MB,,,2024-10-15 20:24:06,True,header signature matched
E:\software\HxMobileClient\HX_CLIENT\ArtWork\MapRaw\fumota03.png,57670963,55.00 MB,,,2020-09-11 21:01:42,True,header signature matched
E:\software\HxMobileClient\HX_CLIENT\ArtWork\MapRaw\tsy2.jpg,57632541,54.96 MB,,,2020-09-11 21:04:28,True,header signature matched
E:\software\HxMobileClient\HX_CLIENT\ArtWork\MapRaw\fumota02.png,56530085,53.91 MB,,,2020-09-11 21:01:28,True,header signature matched
E:\software\HxMobileClient\HX_CLIENT\ArtWork\MapRaw\fumota01.png,55563040,52.99 MB,,,2020-09-11 21:01:30,True,header signature matched
E:\software\HxMobileClient\HX_CLIENT\ArtWork\MapRaw\haishishenglou.png,54281960,51.77 MB,,,2020-09-11 21:01:30,True,header signature matched
E:\software\HxMobileClient\HX_CLIENT\ArtWork\MapRaw\shizhuliansai2.png,53920901,51.42 MB,,,2020-09-11 21:01:44,True,header signature matched
E:\software\HxMobileClient\HX_CLIENT\ArtWork\MapRaw\wangchenghuanggong.png,52854325,50.41 MB,,,2020-09-11 21:04:34,True,header signature matched
E:\software\HxMobileClient\HX_CLIENT\ArtWork\MapRaw\qyz02.png,52322584,49.90 MB,,,2020-09-11 21:01:42,True,header signature matched
E:\software\HxMobileClient\HX_CLIENT\ArtWork\MapRaw\xuanbingerceng.png,52317623,49.89 MB,,,2020-09-11 21:04:38,True,header signature matched
E:\software\HxMobileClient\HX_CLIENT\ArtWork\MapRaw\jzls.png,52152513,49.74 MB,,,2020-09-11 21:02:00,True,header signature matched
E:\software\HxMobileClient\HX_CLIENT\ArtWork\MapRaw\jiayuan.png,49496260,47.20 MB,,,2020-09-11 21:01:50,True,header signature matched
E:\software\HxMobileClient\HX_CLIENT\ArtWork\MapRaw\shiyaodong02.png,47573789,45.37 MB,,,2020-09-11 21:02:20,True,header signature matched
E:\software\HxMobileClient\HX_CLIENT\ArtWork\MapRaw\pvpmap1.png,44711186,42.64 MB,,,2024-10-15 20:24:04,True,header signature matched
E:\software\HxMobileClient\HX_CLIENT\ArtWork\MapRaw\juqingnanjun.jpg,43203387,41.20 MB,,,2020-09-11 21:01:54,True,header signature matched
E:\software\HxMobileClient\HX_CLIENT\ArtWork\MapRaw\mlxx2boss.jpg,43159573,41.16 MB,,,2024-10-15 20:24:00,True,header signature matched
E:\software\HxMobileClient\HX_CLIENT\ArtWork\MapRaw\juqingcyzz.jpg,43078337,41.08 MB,,,2020-09-11 21:02:00,True,header signature matched
E:\software\HxMobileClient\HX_CLIENT\ArtWork\MapRaw\tjss2.png,42793547,40.81 MB,,,2020-09-11 21:02:16,True,header signature matched
E:\software\HxMobileClient\HX_CLIENT\ArtWork\MapRaw\qmlw_wait.png,42767986,40.79 MB,,,2020-09-11 21:02:04,True,header signature matched
E:\software\HxMobileClient\HX_CLIENT\ArtWork\MapRaw\tjss1.png,41583046,39.66 MB,,,2020-09-11 21:02:10,True,header signature matched
E:\software\HxMobileClient\HX_CLIENT\Assets\AssetRaw\3D\Homeworld\yuchicommon\Yuchi01.png,41537192,39.61 MB,,,2024-10-15 20:31:16,True,header signature matched
E:\software\HxMobileClient\HX_CLIENT\Assets\AssetRaw\3D\Homeworld\zhanhuncommon03\Zhanhun03.png,41450187,39.53 MB,,,2024-10-15 20:31:24,True,header signature matched
E:\software\HxMobileClient\HX_CLIENT\ArtWork\MapRaw\tjss3.png,41325157,39.41 MB,,,2020-09-11 21:04:28,True,header signature matched
E:\software\HxMobileClient\HX_CLIENT\Assets\AssetRaw\3D\Homeworld\zhuwucommon03\Zhuwu03.png,41287099,39.37 MB,,,2024-10-15 20:31:32,True,header signature matched
E:\software\HxMobileClient\HX_CLIENT\Assets\AssetRaw\3D\Homeworld\zhanhuncommon02\Zhanhun02.png,41259186,39.35 MB,,,2024-10-15 20:31:22,True,header signature matched
E:\software\HxMobileClient\HX_CLIENT\Assets\AssetRaw\3D\Homeworld\zhuwucommon01\Zhuwu01.png,41215242,39.31 MB,,,2024-10-15 20:31:30,True,header signature matched
E:\software\HxMobileClient\HX_CLIENT\Assets\AssetRaw\3D\Homeworld\zhuwucommon02\Zhuwu02.png,41131200,39.23 MB,,,2024-10-15 20:31:30,True,header signature matched
E:\software\HxMobileClient\HX_CLIENT\ArtWork\MapRaw\juqingbanquan.jpg,40919603,39.02 MB,,,2020-09-11 21:02:10,True,header signature matched
E:\software\HxMobileClient\HX_CLIENT\ArtWork\MapRaw\shiyaodong01.png,40883068,38.99 MB,,,2020-09-11 21:02:18,True,header signature matched
E:\software\HxMobileClient\HX_CLIENT\ArtWork\MapRaw\qiongxianzhen.jpg,40671325,38.79 MB,,,2024-10-15 20:24:10,True,header signature matched
E:\software\HxMobileClient\HX_CLIENT\Assets\AssetRaw\3D\Homeworld\zhanhuncommon01\Zhanhun01.png,40617999,38.74 MB,,,2024-10-15 20:31:20,True,header signature matched
E:\software\HxMobileClient\HX_CLIENT\Assets\AssetRaw\3D\Monster\kuangshi\qinzhou.png,40605555,38.72 MB,,,2020-09-11 21:05:54,True,header signature matched
E:\software\HxMobileClient\HX_CLIENT\ArtWork\MapRaw\ymhj.png,40586242,38.71 MB,,,2020-09-11 21:04:24,True,header signature matched
E:\software\HxMobileClient\HX_CLIENT\Assets\AssetRaw\3D\Monster\kuangshi\jianzhou.png,40545997,38.67 MB,,,2020-09-11 21:05:58,True,header signature matched
E:\software\HxMobileClient\HX_CLIENT\Assets\AssetRaw\3D\Monster\kuangshi\shangzhou.png,40543209,38.67 MB,,,2020-09-11 21:05:50,True,header signature matched
E:\software\HxMobileClient\HX_CLIENT\Assets\AssetRaw\3D\Monster\kuangshi\jingzhou.png,40535373,38.66 MB,,,2020-09-11 21:05:52,True,header signature matched
E:\software\HxMobileClient\HX_CLIENT\Assets\AssetRaw\3D\Monster\kuangshi\qiongzhou.png,40531028,38.65 MB,,,2020-09-11 21:05:50,True,header signature matched
E:\software\HxMobileClient\HX_CLIENT\Assets\AssetRaw\3D\Homeworld\zuoqicommon\Zuoqi01.png,40526056,38.65 MB,,,2024-10-15 20:31:38,True,header signature matched
E:\software\HxMobileClient\HX_CLIENT\Assets\AssetRaw\3D\Monster\kuangshi\wuzhou.png,40523931,38.65 MB,,,2020-09-11 21:05:52,True,header signature matched
E:\software\HxMobileClient\HX_CLIENT\Assets\AssetRaw\3D\Monster\kuangshi\bazhou.png,40498245,38.62 MB,,,2020-09-11 21:05:54,True,header signature matched
E:\software\HxMobileClient\HX_CLIENT\Assets\AssetRaw\3D\Monster\kuangshi\yuezhou.png,40468500,38.59 MB,,,2020-09-11 21:05:56,True,header signature matched
E:\software\HxMobileClient\HX_CLIENT\Assets\AssetRaw\3D\Monster\kuangshi\hezhou.png,40455683,38.58 MB,,,2020-09-11 21:06:00,True,header signature matched
E:\software\HxMobileClient\HX_CLIENT\ArtWork\MapRaw\kuafu03.png,38545378,36.76 MB,,,2020-09-11 21:02:26,True,header signature matched
E:\software\HxMobileClient\HX_CLIENT\ArtWork\MapRaw\fengyuandong01.png,38415838,36.64 MB,,,2020-09-11 21:02:26,True,header signature matched
E:\software\HxMobileClient\HX_CLIENT\ArtWork\MapRaw\juqingtsy2.jpg,36692365,34.99 MB,,,2020-09-11 21:02:24,True,header signature matched
E:\software\HxMobileClient\HX_CLIENT\ArtWork\MapRaw\qyz01.png,36500718,34.81 MB,,,2020-09-11 21:02:30,True,header signature matched
E:\software\HxMobileClient\HX_CLIENT\ArtWork\MapRaw\cyzz.jpg,36235233,34.56 MB,,,2020-09-11 21:02:26,True,header signature matched
E:\software\HxMobileClient\HX_CLIENT\ArtWork\MapRaw\langyapendi.jpg,35645281,33.99 MB,,,2020-09-11 21:02:48,True,header signature matched
E:\software\HxMobileClient\HX_CLIENT\Assets\AssetRaw\3D\Homeworld\zhuwu02\zhuwu02.png,35555769,33.91 MB,,,2024-10-15 20:31:28,True,header signature matched
E:\software\HxMobileClient\HX_CLIENT\Assets\AssetRaw\3D\Homeworld\zhuwu01\zhuwu01.png,35412971,33.77 MB,,,2024-10-15 20:31:24,True,header signature matched
E:\software\HxMobileClient\HX_CLIENT\Assets\AssetRaw\3D\Homeworld\zhanhun01\zhanhun01.png,35342905,33.71 MB,,,2024-10-15 20:31:18,True,header signature matched
E:\software\HxMobileClient\HX_CLIENT\Assets\AssetRaw\CustomAction\chengzhang\cz-door-west.png,35338950,33.70 MB,,,2020-09-11 21:08:18,True,header signature matched
E:\software\HxMobileClient\HX_CLIENT\Assets\AssetRaw\CustomAction\chengzhang\cz-door-west-destroy.png,35331680,33.69 MB,,,2020-09-11 21:08:20,True,header signature matched
E:\software\HxMobileClient\HX_CLIENT\Assets\AssetRaw\3D\Homeworld\zuoqi02\zuoqi02.png,34995772,33.37 MB,,,2024-10-15 20:31:36,True,header signature matched
E:\software\HxMobileClient\HX_CLIENT\Assets\AssetRaw\3D\Homeworld\zuoqi01\zuoqi01.png,34670570,33.06 MB,,,2024-10-15 20:31:34,True,header signature matched
E:\software\HxMobileClient\HX_CLIENT\ArtWork\MapRaw\bq.jpg,34263820,32.68 MB,,,2020-09-11 21:02:38,True,header signature matched
E:\图书馆\计算机科学\游戏引擎\Unity_Shaders_Book-master\Assets\Textures\Chapter18\PBS\wood_tiled_02_a.tif,33665712,32.11 MB,,,2020-04-16 19:38:42,True,header signature matched
E:\software\important\book\reading\Unity_Shaders_Book-master\Assets\Textures\Chapter18\PBS\wood_tiled_02_a.tif,33665712,32.11 MB,,,2020-04-16 19:38:42,True,header signature matched
E:\software\HxMobileClient\HX_CLIENT\ArtWork\MapRaw\sunrise.png,33638840,32.08 MB,,,2020-09-11 21:02:56,True,header signature matched
E:\software\HxMobileClient\HX_CLIENT\Assets\AssetRaw\SceneObjects\farlayer\bg_ymfd.png,33024070,31.49 MB,,,2020-12-03 10:14:10,True,header signature matched
E:\software\HxMobileClient\HX_CLIENT\ArtWork\MapRaw\pvpmap2new.png,31895786,30.42 MB,,,2024-10-15 20:24:08,True,header signature matched
E:\software\HxMobileClient\HX_CLIENT\Assets\AssetRaw\SceneObjects\farlayer\bg_ymfd_5.png,31841374,30.37 MB,,,2020-11-26 09:18:16,True,header signature matched
E:\software\HxMobileClient\HX_CLIENT\Assets\AssetRaw\SceneObjects\farlayer\bg_ymfd_6.png,31801231,30.33 MB,,,2020-11-26 09:18:24,True,header signature matched
E:\software\HxMobileClient\HX_CLIENT\ArtWork\MapRaw\mlxxmaster.jpg,31792044,30.32 MB,,,2024-10-15 20:24:02,True,header signature matched
E:\software\HxMobileClient\HX_CLIENT\Assets\AssetRaw\SceneObjects\farlayer\bg_ymfd_4.png,31714963,30.25 MB,,,2020-11-26 09:18:18,True,header signature matched
E:\software\HxMobileClient\HX_CLIENT\Assets\AssetRaw\SceneObjects\farlayer\bg_ymfd_1.png,31633610,30.17 MB,,,2020-11-26 09:18:26,True,header signature matched
E:\software\HxMobileClient\HX_CLIENT\Assets\AssetRaw\SceneObjects\farlayer\bg_ymfd_2.png,31618860,30.15 MB,,,2020-11-26 09:18:24,True,header signature matched
E:\software\HxMobileClient\HX_CLIENT\Assets\AssetRaw\SceneObjects\farlayer\bg_ymfd_3.png,31615451,30.15 MB,,,2020-11-26 09:18:26,True,header signature matched
E:\software\HxMobileClient\HX_CLIENT\ArtWork\MapRaw\youmingdifu.png,31561247,30.10 MB,,,2020-09-11 21:04:36,True,header signature matched
E:\software\HxMobileClient\HX_CLIENT\ArtWork\MapRaw\dianjiangtai.jpg,31028150,29.59 MB,,,2024-10-15 20:22:50,True,header signature matched
E:\software\HxMobileClient\HX_CLIENT\ArtWork\MapRaw\hxcz.png,30663051,29.24 MB,,,2020-09-11 21:02:40,True,header signature matched
E:\software\HxMobileClient\HX_CLIENT\ArtWork\MapRaw\huanhai1.png,30258276,28.86 MB,,,2020-09-11 21:02:48,True,header signature matched
E:\software\HxMobileClient\HX_CLIENT\ArtWork\MapRaw\fuxilingmudao.png,29770618,28.39 MB,,,2020-09-11 21:02:40,True,header signature matched
E:\software\HxMobileClient\HX_CLIENT\ArtWork\MapRaw\slzc.png,27448630,26.18 MB,,,2020-09-11 21:02:46,True,header signature matched
E:\图书馆\计算机科学\游戏引擎\Unity_Shaders_Book-master\Assets\Textures\Chapter18\PBS\wood_tiled_02_n.tif,27211288,25.95 MB,,,2020-04-16 19:38:42,True,header signature matched
E:\software\important\book\reading\Unity_Shaders_Book-master\Assets\Textures\Chapter18\PBS\wood_tiled_02_n.tif,27211288,25.95 MB,,,2020-04-16 19:38:42,True,header signature matched
E:\328桌面\百日照-1006\jiazi\117A7647副本.jpg,27102403,25.85 MB,,,2021-11-01 18:12:58,True,header signature matched
E:\HXCI\hx_unreal_binaries\HXNext\Content\HXGame\Map\Demo\Tex\forrest_ground_01_2k_png\forrest_ground_01_nor_2k.png,27037479,25.78 MB,,,2021-05-24 15:16:28,True,header signature matched
E:\叶婷手机照片250602操作\2022\12\2022_12_06_18_39_IMG_5490.JPG,26630835,25.40 MB,,,2022-12-06 18:39:38,True,header signature matched
E:\HXCI\hx_unreal_binaries\HXNext\Content\HXGame\Map\Demo\Tex\forrest_ground_01_2k_png\forrest_ground_01_diff_2k.png,26253635,25.04 MB,,,2021-05-24 15:16:28,True,header signature matched
E:\HXCI\hx_unreal_binaries\HXNext\Content\HXGame\Map\Demo\Tex\dry_ground_01_2k_png\dry_ground_01_diff_2k.png,25962764,24.76 MB,,,2021-05-24 15:16:28,True,header signature matched
E:\software\HxMobileClient\HX_CLIENT\ArtWork\MapRaw\hxcz1.png,25667097,24.48 MB,,,2020-09-11 21:02:46,True,header signature matched
E:\HXCI\hx_unreal_binaries\HXNext\Content\HXGame\Map\Demo\Tex\aerial_grass_rock_2k_png\aerial_grass_rock_nor_2k.png,25610587,24.42 MB,,,2021-05-24 15:16:28,True,header signature matched
E:\HXCI\hx_unreal_binaries\HXNext\Content\HXGame\Map\Demo\Tex\aerial_grass_rock_2k_png\aerial_grass_rock_diff_2k.png,25184168,24.02 MB,,,2021-05-24 15:16:28,True,header signature matched
E:\HXCI\hx_unreal_binaries\HXNext\Houdini\HDA\IMG\cutout2.tif,24957641,23.80 MB,,,2021-05-20 12:31:16,True,header signature matched
E:\HXCI\hx_unreal_binaries\HXNext\Plugins\Udini\Houdini\HDA\IMG\cutout2.tif,24957641,23.80 MB,,,2021-05-28 12:40:46,True,header signature matched
E:\328桌面\百日照-1006\jiazi\未标题-2.jpg,24828608,23.68 MB,,,2021-11-01 16:56:33,True,header signature matched
E:\HXCI\hx_unreal_binaries\HXNext\Houdini\HDA\IMG\cutout3.tif,24698907,23.55 MB,,,2021-05-20 12:31:16,True,header signature matched
E:\HXCI\hx_unreal_binaries\HXNext\Plugins\Udini\Houdini\HDA\IMG\cutout3.tif,24698907,23.55 MB,,,2021-05-28 12:40:46,True,header signature matched
E:\software\HxMobileClient\HX_CLIENT\Assets\Resources\UI\RawImage\SpringFestvalBg\act\bg.png,24697433,23.55 MB,,,2020-09-11 21:17:52,True,header signature matched
E:\HXCI\hx_unreal_binaries\HXNext\Content\HXGame\Map\Demo\Tex\dry_ground_01_2k_png\dry_ground_01_nor_2k.png,24640063,23.50 MB,,,2021-05-24 15:16:28,True,header signature matched
E:\HXCI\hx_unreal_binaries\HXNext\Content\HXGame\Map\Demo\Tex\dirt_aerial_02_2k_png\dirt_aerial_02_diff_2k.png,24485283,23.35 MB,,,2021-05-24 15:16:28,True,header signature matched
E:\software\HxMobileClient\HX_CLIENT\Assets\Resources\UI\RawImage\SpringFestvalBg\act\actor2.png,24456913,23.32 MB,,,2020-09-11 21:17:32,True,header signature matched
E:\software\HxMobileClient\HX_CLIENT\Assets\Resources\UI\RawImage\SpringFestvalBg\act\actor6.png,24366896,23.24 MB,,,2020-09-11 21:17:54,True,header signature matched
E:\software\HxMobileClient\HX_CLIENT\Assets\Resources\UI\RawImage\SpringFestvalBg\act\actor1.png,24354561,23.23 MB,,,2020-09-11 21:17:32,True,header signature matched
E:\software\HxMobileClient\HX_CLIENT\Assets\Resources\UI\RawImage\SpringFestvalBg\act\actor5.png,24284917,23.16 MB,,,2020-09-11 21:17:54,True,header signature matched
E:\software\HxMobileClient\HX_CLIENT\Assets\Resources\UI\RawImage\SpringFestvalBg\act\bg1.png,24274068,23.15 MB,,,2020-09-11 21:17:54,True,header signature matched
E:\software\HxMobileClient\HX_CLIENT\Assets\Resources\UI\RawImage\SpringFestvalBg\act\actor3.png,24214044,23.09 MB,,,2020-09-11 21:17:30,True,header signature matched
E:\software\HxMobileClient\HX_CLIENT\Assets\Resources\UI\RawImage\SpringFestvalBg\act\actor4.png,24179132,23.06 MB,,,2020-09-11 21:17:30,True,header signature matched
E:\software\HxMobileClient\HX_CLIENT\ArtWork\MapRaw\juqingbeijun.png,24170818,23.05 MB,,,2020-09-11 21:02:50,True,header signature matched
E:\叶婷手机照片250602操作\2022\08\2022_08_11_16_22_IMG_1325.JPG,24128550,23.01 MB,,,2022-08-11 16:22:34,True,header signature matched
E:\software\HxMobileClient\HX_CLIENT\Assets\Resources\UI\RawImage\SpringFestvalBg\act\front1.png,24055274,22.94 MB,,,2020-09-11 21:17:54,True,header signature matched
E:\HXCI\hx_unreal_binaries\HXNext\Content\HXGame\Map\Demo\Tex\dirt_aerial_02_2k_png\dirt_aerial_02_nor_2k.png,23957911,22.85 MB,,,2021-05-24 15:16:28,True,header signature matched
E:\HXCI\hx_unreal_binaries\HXNext\Content\HXGame\Map\Demo\Tex\dirt_aerial_03_2k_png\dirt_aerial_03_diff_2k.png,23000665,21.94 MB,,,2021-05-24 15:16:28,True,header signature matched
E:\HXCI\hx_unreal_binaries\HXNext\Houdini\HDA\IMG\cutout.tif,21791001,20.78 MB,,,2021-05-20 12:31:16,True,header signature matched
E:\HXCI\hx_unreal_binaries\HXNext\Plugins\Udini\Houdini\HDA\IMG\cutout.tif,21791001,20.78 MB,,,2021-05-28 12:40:46,True,header signature matched
E:\叶婷手机照片250602操作\2022\10\2022_10_31_23_38_IMG_4083.JPG,20831974,19.87 MB,,,2022-10-31 23:38:42,True,header signature matched
E:\HXCI\hx_unreal_binaries\HXNext\Content\HXGame\Map\Demo\Tex\dirt_aerial_03_2k_png\dirt_aerial_03_nor_2k.png,20545830,19.59 MB,,,2021-05-24 15:16:28,True,header signature matched
E:\software\HxMobileClient\HX_CLIENT\ArtWork\MapRaw\huanhai2.jpg,20280395,19.34 MB,,,2020-09-11 21:02:48,True,header signature matched
E:\software\HxMobileClient\HX_CLIENT\ArtWork\MapRaw\xuzhang.png,19978778,19.05 MB,,,2020-09-11 21:04:32,True,header signature matched
E:\software\HxMobileClient\HX_CLIENT\ArtWork\MapRaw\xianmozhanchang.jpg,19937429,19.01 MB,,,2024-10-15 20:24:22,True,header signature matched
E:\叶婷手机照片250602操作\2022\08\2022_08_10_22_15_IMG_1277.JPG,19689462,18.78 MB,,,2022-08-10 22:15:38,True,header signature matched
E:\图书馆\计算机科学\游戏引擎\Unity_Shaders_Book-master\Assets\Textures\Chapter18\PBS\wood_d.tif,19627228,18.72 MB,,,2020-04-16 19:38:42,True,header signature matched
E:\software\important\book\reading\Unity_Shaders_Book-master\Assets\Textures\Chapter18\PBS\wood_d.tif,19627228,18.72 MB,,,2020-04-16 19:38:42,True,header signature matched
E:\HXCI\hx_unreal_binaries\HXNext\Houdini\HDA\IMG\displacement.tif,19384455,18.49 MB,,,2021-05-20 12:31:16,True,header signature matched
E:\HXCI\hx_unreal_binaries\HXNext\Plugins\Udini\Houdini\HDA\IMG\displacement.tif,19384455,18.49 MB,,,2021-05-28 12:40:46,True,header signature matched
E:\叶婷手机照片250602操作\2022\08\2022_08_11_16_31_IMG_1327.JPG,19238629,18.35 MB,,,2022-08-11 16:31:28,True,header signature matched
E:\叶婷手机照片250602操作\2023\06\2023_06_19_04_27_IMG_9939.PNG,19233759,18.34 MB,,,2023-06-19 04:28:00,True,header signature matched
E:\software\HxMobileClient\HX_CLIENT\ArtWork\MapRaw\yaowangdian1.jpg,18860405,17.99 MB,,,2020-09-11 21:04:38,True,header signature matched
E:\HXCI\hx_unreal_binaries\HXNext\Houdini\HDA\IMG\Cliff_Displacement_05.png,18501346,17.64 MB,,,2021-05-20 12:31:16,True,header signature matched
